abc123454@gmail.com,abcef,xyzc,12345,9000000001
abc123455@gmail.com,abcef,xyzc,12345,9000000002
abc123456@gmail.com,abcef,xyzc,12345,9000000003
abc123457@gmail.com,abcef,xyzc,12345,9000000004
abc123458@gmail.com,abcef,xyzc,12345,9000000005
abc123459@gmail.com,abcef,xyzc,12345,9000000006
abc123460@gmail.com,abcef,xyzc,12345,9000000007
abc123461@gmail.com,abcef,xyzc,12345,9000000008
abc123462@gmail.com,abcef,xyzc,12345,9000000009
abc123463@gmail.com,abcef,xyzc,12345,9000000010
abc123464@gmail.com,abcef,xyzc,12345,9000000011
abc123465@gmail.com,abcef,xyzc,12345,9000000012
abc123466@gmail.com,abcef,xyzc,12345,9000000013
abc123467@gmail.com,abcef,xyzc,12345,9000000014
abc123468@gmail.com,abcef,xyzc,12345,9000000015
abc123469@gmail.com,abcef,xyzc,12345,9000000016
abc123470@gmail.com,abcef,xyzc,12345,9000000017
abc123471@gmail.com,abcef,xyzc,12345,9000000018
abc123472@gmail.com,abcef,xyzc,12345,9000000019
abc123473@gmail.com,abcef,xyzc,12345,9000000020
abc123474@gmail.com,abcef,xyzc,12345,9000000021
abc123475@gmail.com,abcef,xyzc,12345,9000000022
abc123476@gmail.com,abcef,xyzc,12345,9000000023
abc123477@gmail.com,abcef,xyzc,12345,9000000024
abc123478@gmail.com,abcef,xyzc,12345,9000000025
abc123479@gmail.com,abcef,xyzc,12345,9000000026
abc123480@gmail.com,abcef,xyzc,12345,9000000027
abc123481@gmail.com,abcef,xyzc,12345,9000000028
abc123482@gmail.com,abcef,xyzc,12345,9000000029
abc123483@gmail.com,abcef,xyzc,12345,9000000030
abc123484@gmail.com,abcef,xyzc,12345,9000000031
abc123485@gmail.com,abcef,xyzc,12345,9000000032
abc123486@gmail.com,abcef,xyzc,12345,9000000033
abc123487@gmail.com,abcef,xyzc,12345,9000000034
abc123488@gmail.com,abcef,xyzc,12345,9000000035
abc123489@gmail.com,abcef,xyzc,12345,9000000036
abc123490@gmail.com,abcef,xyzc,12345,9000000037
abc123491@gmail.com,abcef,xyzc,12345,9000000038
abc123492@gmail.com,abcef,xyzc,12345,9000000039
abc123493@gmail.com,abcef,xyzc,12345,9000000040
abc123494@gmail.com,abcef,xyzc,12345,9000000041
abc123495@gmail.com,abcef,xyzc,12345,9000000042
abc123496@gmail.com,abcef,xyzc,12345,9000000043
abc123497@gmail.com,abcef,xyzc,12345,9000000044
abc123498@gmail.com,abcef,xyzc,12345,9000000045
abc123499@gmail.com,abcef,xyzc,12345,9000000046
abc123500@gmail.com,abcef,xyzc,12345,9000000047
abc123501@gmail.com,abcef,xyzc,12345,9000000048
abc123502@gmail.com,abcef,xyzc,12345,9000000049
abc123503@gmail.com,abcef,xyzc,12345,9000000050
abc123504@gmail.com,abcef,xyzc,12345,9000000051
abc123505@gmail.com,abcef,xyzc,12345,9000000052
abc123506@gmail.com,abcef,xyzc,12345,9000000053
abc123507@gmail.com,abcef,xyzc,12345,9000000054
abc123508@gmail.com,abcef,xyzc,12345,9000000055
abc123509@gmail.com,abcef,xyzc,12345,9000000056
abc123510@gmail.com,abcef,xyzc,12345,9000000057
abc123511@gmail.com,abcef,xyzc,12345,9000000058
abc123512@gmail.com,abcef,xyzc,12345,9000000059
abc123513@gmail.com,abcef,xyzc,12345,9000000060
abc123514@gmail.com,abcef,xyzc,12345,9000000061
abc123515@gmail.com,abcef,xyzc,12345,9000000062
abc123516@gmail.com,abcef,xyzc,12345,9000000063
abc123517@gmail.com,abcef,xyzc,12345,9000000064
abc123518@gmail.com,abcef,xyzc,12345,9000000065
abc123519@gmail.com,abcef,xyzc,12345,9000000066
abc123520@gmail.com,abcef,xyzc,12345,9000000067
abc123521@gmail.com,abcef,xyzc,12345,9000000068
abc123522@gmail.com,abcef,xyzc,12345,9000000069
abc123523@gmail.com,abcef,xyzc,12345,9000000070
abc123524@gmail.com,abcef,xyzc,12345,9000000071
abc123525@gmail.com,abcef,xyzc,12345,9000000072
abc123526@gmail.com,abcef,xyzc,12345,9000000073
abc123527@gmail.com,abcef,xyzc,12345,9000000074
abc123528@gmail.com,abcef,xyzc,12345,9000000075
abc123529@gmail.com,abcef,xyzc,12345,9000000076
abc123530@gmail.com,abcef,xyzc,12345,9000000077
abc123531@gmail.com,abcef,xyzc,12345,9000000078
abc123532@gmail.com,abcef,xyzc,12345,9000000079
abc123533@gmail.com,abcef,xyzc,12345,9000000080
abc123534@gmail.com,abcef,xyzc,12345,9000000081
abc123535@gmail.com,abcef,xyzc,12345,9000000082
abc123536@gmail.com,abcef,xyzc,12345,9000000083
abc123537@gmail.com,abcef,xyzc,12345,9000000084
abc123538@gmail.com,abcef,xyzc,12345,9000000085
abc123539@gmail.com,abcef,xyzc,12345,9000000086
abc123540@gmail.com,abcef,xyzc,12345,9000000087
abc123541@gmail.com,abcef,xyzc,12345,9000000088
abc123542@gmail.com,abcef,xyzc,12345,9000000089
abc123543@gmail.com,abcef,xyzc,12345,9000000090
abc123544@gmail.com,abcef,xyzc,12345,9000000091
abc123545@gmail.com,abcef,xyzc,12345,9000000092
abc123546@gmail.com,abcef,xyzc,12345,9000000093
abc123547@gmail.com,abcef,xyzc,12345,9000000094
abc123548@gmail.com,abcef,xyzc,12345,9000000095
abc123549@gmail.com,abcef,xyzc,12345,9000000096
abc123550@gmail.com,abcef,xyzc,12345,9000000097
abc123551@gmail.com,abcef,xyzc,12345,9000000098
abc123552@gmail.com,abcef,xyzc,12345,9000000099
abc123553@gmail.com,abcef,xyzc,12345,9000000100
abc123554@gmail.com,abcef,xyzc,12345,9000000101
abc123555@gmail.com,abcef,xyzc,12345,9000000102
abc123556@gmail.com,abcef,xyzc,12345,9000000103
abc123557@gmail.com,abcef,xyzc,12345,9000000104
abc123558@gmail.com,abcef,xyzc,12345,9000000105
abc123559@gmail.com,abcef,xyzc,12345,9000000106
abc123560@gmail.com,abcef,xyzc,12345,9000000107
abc123561@gmail.com,abcef,xyzc,12345,9000000108
abc123562@gmail.com,abcef,xyzc,12345,9000000109
abc123563@gmail.com,abcef,xyzc,12345,9000000110
abc123564@gmail.com,abcef,xyzc,12345,9000000111
abc123565@gmail.com,abcef,xyzc,12345,9000000112
abc123566@gmail.com,abcef,xyzc,12345,9000000113
abc123567@gmail.com,abcef,xyzc,12345,9000000114
abc123568@gmail.com,abcef,xyzc,12345,9000000115
abc123569@gmail.com,abcef,xyzc,12345,9000000116
abc123570@gmail.com,abcef,xyzc,12345,9000000117
abc123571@gmail.com,abcef,xyzc,12345,9000000118
abc123572@gmail.com,abcef,xyzc,12345,9000000119
abc123573@gmail.com,abcef,xyzc,12345,9000000120
abc123574@gmail.com,abcef,xyzc,12345,9000000121
abc123575@gmail.com,abcef,xyzc,12345,9000000122
abc123576@gmail.com,abcef,xyzc,12345,9000000123
abc123577@gmail.com,abcef,xyzc,12345,9000000124
abc123578@gmail.com,abcef,xyzc,12345,9000000125
abc123579@gmail.com,abcef,xyzc,12345,9000000126
abc123580@gmail.com,abcef,xyzc,12345,9000000127
abc123581@gmail.com,abcef,xyzc,12345,9000000128
abc123582@gmail.com,abcef,xyzc,12345,9000000129
abc123583@gmail.com,abcef,xyzc,12345,9000000130
abc123584@gmail.com,abcef,xyzc,12345,9000000131
abc123585@gmail.com,abcef,xyzc,12345,9000000132
abc123586@gmail.com,abcef,xyzc,12345,9000000133
abc123587@gmail.com,abcef,xyzc,12345,9000000134
abc123588@gmail.com,abcef,xyzc,12345,9000000135
abc123589@gmail.com,abcef,xyzc,12345,9000000136
abc123590@gmail.com,abcef,xyzc,12345,9000000137
abc123591@gmail.com,abcef,xyzc,12345,9000000138
abc123592@gmail.com,abcef,xyzc,12345,9000000139
abc123593@gmail.com,abcef,xyzc,12345,9000000140
abc123594@gmail.com,abcef,xyzc,12345,9000000141
abc123595@gmail.com,abcef,xyzc,12345,9000000142
abc123596@gmail.com,abcef,xyzc,12345,9000000143
abc123597@gmail.com,abcef,xyzc,12345,9000000144
abc123598@gmail.com,abcef,xyzc,12345,9000000145
abc123599@gmail.com,abcef,xyzc,12345,9000000146
abc123600@gmail.com,abcef,xyzc,12345,9000000147
abc123601@gmail.com,abcef,xyzc,12345,9000000148
abc123602@gmail.com,abcef,xyzc,12345,9000000149
abc123603@gmail.com,abcef,xyzc,12345,9000000150
abc123604@gmail.com,abcef,xyzc,12345,9000000151
abc123605@gmail.com,abcef,xyzc,12345,9000000152
abc123606@gmail.com,abcef,xyzc,12345,9000000153
abc123607@gmail.com,abcef,xyzc,12345,9000000154
abc123608@gmail.com,abcef,xyzc,12345,9000000155
abc123609@gmail.com,abcef,xyzc,12345,9000000156
abc123610@gmail.com,abcef,xyzc,12345,9000000157
abc123611@gmail.com,abcef,xyzc,12345,9000000158
abc123612@gmail.com,abcef,xyzc,12345,9000000159
abc123613@gmail.com,abcef,xyzc,12345,9000000160
abc123614@gmail.com,abcef,xyzc,12345,9000000161
abc123615@gmail.com,abcef,xyzc,12345,9000000162
abc123616@gmail.com,abcef,xyzc,12345,9000000163
abc123617@gmail.com,abcef,xyzc,12345,9000000164
abc123618@gmail.com,abcef,xyzc,12345,9000000165
abc123619@gmail.com,abcef,xyzc,12345,9000000166
abc123620@gmail.com,abcef,xyzc,12345,9000000167
abc123621@gmail.com,abcef,xyzc,12345,9000000168
abc123622@gmail.com,abcef,xyzc,12345,9000000169
abc123623@gmail.com,abcef,xyzc,12345,9000000170
abc123624@gmail.com,abcef,xyzc,12345,9000000171
abc123625@gmail.com,abcef,xyzc,12345,9000000172
abc123626@gmail.com,abcef,xyzc,12345,9000000173
abc123627@gmail.com,abcef,xyzc,12345,9000000174
abc123628@gmail.com,abcef,xyzc,12345,9000000175
abc123629@gmail.com,abcef,xyzc,12345,9000000176
abc123630@gmail.com,abcef,xyzc,12345,9000000177
abc123631@gmail.com,abcef,xyzc,12345,9000000178
abc123632@gmail.com,abcef,xyzc,12345,9000000179
abc123633@gmail.com,abcef,xyzc,12345,9000000180
abc123634@gmail.com,abcef,xyzc,12345,9000000181
abc123635@gmail.com,abcef,xyzc,12345,9000000182
abc123636@gmail.com,abcef,xyzc,12345,9000000183
abc123637@gmail.com,abcef,xyzc,12345,9000000184
abc123638@gmail.com,abcef,xyzc,12345,9000000185
abc123639@gmail.com,abcef,xyzc,12345,9000000186
abc123640@gmail.com,abcef,xyzc,12345,9000000187
abc123641@gmail.com,abcef,xyzc,12345,9000000188
abc123642@gmail.com,abcef,xyzc,12345,9000000189
abc123643@gmail.com,abcef,xyzc,12345,9000000190
abc123644@gmail.com,abcef,xyzc,12345,9000000191
abc123645@gmail.com,abcef,xyzc,12345,9000000192
abc123646@gmail.com,abcef,xyzc,12345,9000000193
abc123647@gmail.com,abcef,xyzc,12345,9000000194
abc123648@gmail.com,abcef,xyzc,12345,9000000195
abc123649@gmail.com,abcef,xyzc,12345,9000000196
abc123650@gmail.com,abcef,xyzc,12345,9000000197
abc123651@gmail.com,abcef,xyzc,12345,9000000198
abc123652@gmail.com,abcef,xyzc,12345,9000000199
abc123653@gmail.com,abcef,xyzc,12345,9000000200
abc123654@gmail.com,abcef,xyzc,12345,9000000201
abc123655@gmail.com,abcef,xyzc,12345,9000000202
abc123656@gmail.com,abcef,xyzc,12345,9000000203
abc123657@gmail.com,abcef,xyzc,12345,9000000204
abc123658@gmail.com,abcef,xyzc,12345,9000000205
abc123659@gmail.com,abcef,xyzc,12345,9000000206
abc123660@gmail.com,abcef,xyzc,12345,9000000207
abc123661@gmail.com,abcef,xyzc,12345,9000000208
abc123662@gmail.com,abcef,xyzc,12345,9000000209
abc123663@gmail.com,abcef,xyzc,12345,9000000210
abc123664@gmail.com,abcef,xyzc,12345,9000000211
abc123665@gmail.com,abcef,xyzc,12345,9000000212
abc123666@gmail.com,abcef,xyzc,12345,9000000213
abc123667@gmail.com,abcef,xyzc,12345,9000000214
abc123668@gmail.com,abcef,xyzc,12345,9000000215
abc123669@gmail.com,abcef,xyzc,12345,9000000216
abc123670@gmail.com,abcef,xyzc,12345,9000000217
abc123671@gmail.com,abcef,xyzc,12345,9000000218
abc123672@gmail.com,abcef,xyzc,12345,9000000219
abc123673@gmail.com,abcef,xyzc,12345,9000000220
abc123674@gmail.com,abcef,xyzc,12345,9000000221
abc123675@gmail.com,abcef,xyzc,12345,9000000222
abc123676@gmail.com,abcef,xyzc,12345,9000000223
abc123677@gmail.com,abcef,xyzc,12345,9000000224
abc123678@gmail.com,abcef,xyzc,12345,9000000225
abc123679@gmail.com,abcef,xyzc,12345,9000000226
abc123680@gmail.com,abcef,xyzc,12345,9000000227
abc123681@gmail.com,abcef,xyzc,12345,9000000228
abc123682@gmail.com,abcef,xyzc,12345,9000000229
abc123683@gmail.com,abcef,xyzc,12345,9000000230
abc123684@gmail.com,abcef,xyzc,12345,9000000231
abc123685@gmail.com,abcef,xyzc,12345,9000000232
abc123686@gmail.com,abcef,xyzc,12345,9000000233
abc123687@gmail.com,abcef,xyzc,12345,9000000234
abc123688@gmail.com,abcef,xyzc,12345,9000000235
abc123689@gmail.com,abcef,xyzc,12345,9000000236
abc123690@gmail.com,abcef,xyzc,12345,9000000237
abc123691@gmail.com,abcef,xyzc,12345,9000000238
abc123692@gmail.com,abcef,xyzc,12345,9000000239
abc123693@gmail.com,abcef,xyzc,12345,9000000240
abc123694@gmail.com,abcef,xyzc,12345,9000000241
abc123695@gmail.com,abcef,xyzc,12345,9000000242
abc123696@gmail.com,abcef,xyzc,12345,9000000243
abc123697@gmail.com,abcef,xyzc,12345,9000000244
abc123698@gmail.com,abcef,xyzc,12345,9000000245
abc123699@gmail.com,abcef,xyzc,12345,9000000246
abc123700@gmail.com,abcef,xyzc,12345,9000000247
abc123701@gmail.com,abcef,xyzc,12345,9000000248
abc123702@gmail.com,abcef,xyzc,12345,9000000249
abc123703@gmail.com,abcef,xyzc,12345,9000000250
abc123704@gmail.com,abcef,xyzc,12345,9000000251
abc123705@gmail.com,abcef,xyzc,12345,9000000252
abc123706@gmail.com,abcef,xyzc,12345,9000000253
abc123707@gmail.com,abcef,xyzc,12345,9000000254
abc123708@gmail.com,abcef,xyzc,12345,9000000255
abc123709@gmail.com,abcef,xyzc,12345,9000000256
abc123710@gmail.com,abcef,xyzc,12345,9000000257
abc123711@gmail.com,abcef,xyzc,12345,9000000258
abc123712@gmail.com,abcef,xyzc,12345,9000000259
abc123713@gmail.com,abcef,xyzc,12345,9000000260
abc123714@gmail.com,abcef,xyzc,12345,9000000261
abc123715@gmail.com,abcef,xyzc,12345,9000000262
abc123716@gmail.com,abcef,xyzc,12345,9000000263
abc123717@gmail.com,abcef,xyzc,12345,9000000264
abc123718@gmail.com,abcef,xyzc,12345,9000000265
abc123719@gmail.com,abcef,xyzc,12345,9000000266
abc123720@gmail.com,abcef,xyzc,12345,9000000267
abc123721@gmail.com,abcef,xyzc,12345,9000000268
abc123722@gmail.com,abcef,xyzc,12345,9000000269
abc123723@gmail.com,abcef,xyzc,12345,9000000270
abc123724@gmail.com,abcef,xyzc,12345,9000000271
abc123725@gmail.com,abcef,xyzc,12345,9000000272
abc123726@gmail.com,abcef,xyzc,12345,9000000273
abc123727@gmail.com,abcef,xyzc,12345,9000000274
abc123728@gmail.com,abcef,xyzc,12345,9000000275
abc123729@gmail.com,abcef,xyzc,12345,9000000276
abc123730@gmail.com,abcef,xyzc,12345,9000000277
abc123731@gmail.com,abcef,xyzc,12345,9000000278
abc123732@gmail.com,abcef,xyzc,12345,9000000279
abc123733@gmail.com,abcef,xyzc,12345,9000000280
abc123734@gmail.com,abcef,xyzc,12345,9000000281
abc123735@gmail.com,abcef,xyzc,12345,9000000282
abc123736@gmail.com,abcef,xyzc,12345,9000000283
abc123737@gmail.com,abcef,xyzc,12345,9000000284
abc123738@gmail.com,abcef,xyzc,12345,9000000285
abc123739@gmail.com,abcef,xyzc,12345,9000000286
abc123740@gmail.com,abcef,xyzc,12345,9000000287
abc123741@gmail.com,abcef,xyzc,12345,9000000288
abc123742@gmail.com,abcef,xyzc,12345,9000000289
abc123743@gmail.com,abcef,xyzc,12345,9000000290
abc123744@gmail.com,abcef,xyzc,12345,9000000291
abc123745@gmail.com,abcef,xyzc,12345,9000000292
abc123746@gmail.com,abcef,xyzc,12345,9000000293
abc123747@gmail.com,abcef,xyzc,12345,9000000294
abc123748@gmail.com,abcef,xyzc,12345,9000000295
abc123749@gmail.com,abcef,xyzc,12345,9000000296
abc123750@gmail.com,abcef,xyzc,12345,9000000297
abc123751@gmail.com,abcef,xyzc,12345,9000000298
abc123752@gmail.com,abcef,xyzc,12345,9000000299
abc123753@gmail.com,abcef,xyzc,12345,9000000300
abc123754@gmail.com,abcef,xyzc,12345,9000000301
abc123755@gmail.com,abcef,xyzc,12345,9000000302
abc123756@gmail.com,abcef,xyzc,12345,9000000303
abc123757@gmail.com,abcef,xyzc,12345,9000000304
abc123758@gmail.com,abcef,xyzc,12345,9000000305
abc123759@gmail.com,abcef,xyzc,12345,9000000306
abc123760@gmail.com,abcef,xyzc,12345,9000000307
abc123761@gmail.com,abcef,xyzc,12345,9000000308
abc123762@gmail.com,abcef,xyzc,12345,9000000309
abc123763@gmail.com,abcef,xyzc,12345,9000000310
abc123764@gmail.com,abcef,xyzc,12345,9000000311
abc123765@gmail.com,abcef,xyzc,12345,9000000312
abc123766@gmail.com,abcef,xyzc,12345,9000000313
abc123767@gmail.com,abcef,xyzc,12345,9000000314
abc123768@gmail.com,abcef,xyzc,12345,9000000315
abc123769@gmail.com,abcef,xyzc,12345,9000000316
abc123770@gmail.com,abcef,xyzc,12345,9000000317
abc123771@gmail.com,abcef,xyzc,12345,9000000318
abc123772@gmail.com,abcef,xyzc,12345,9000000319
abc123773@gmail.com,abcef,xyzc,12345,9000000320
abc123774@gmail.com,abcef,xyzc,12345,9000000321
abc123775@gmail.com,abcef,xyzc,12345,9000000322
abc123776@gmail.com,abcef,xyzc,12345,9000000323
abc123777@gmail.com,abcef,xyzc,12345,9000000324
abc123778@gmail.com,abcef,xyzc,12345,9000000325
abc123779@gmail.com,abcef,xyzc,12345,9000000326
abc123780@gmail.com,abcef,xyzc,12345,9000000327
abc123781@gmail.com,abcef,xyzc,12345,9000000328
abc123782@gmail.com,abcef,xyzc,12345,9000000329
abc123783@gmail.com,abcef,xyzc,12345,9000000330
abc123784@gmail.com,abcef,xyzc,12345,9000000331
abc123785@gmail.com,abcef,xyzc,12345,9000000332
abc123786@gmail.com,abcef,xyzc,12345,9000000333
abc123787@gmail.com,abcef,xyzc,12345,9000000334
abc123788@gmail.com,abcef,xyzc,12345,9000000335
abc123789@gmail.com,abcef,xyzc,12345,9000000336
abc123790@gmail.com,abcef,xyzc,12345,9000000337
abc123791@gmail.com,abcef,xyzc,12345,9000000338
abc123792@gmail.com,abcef,xyzc,12345,9000000339
abc123793@gmail.com,abcef,xyzc,12345,9000000340
abc123794@gmail.com,abcef,xyzc,12345,9000000341
abc123795@gmail.com,abcef,xyzc,12345,9000000342
abc123796@gmail.com,abcef,xyzc,12345,9000000343
abc123797@gmail.com,abcef,xyzc,12345,9000000344
abc123798@gmail.com,abcef,xyzc,12345,9000000345
abc123799@gmail.com,abcef,xyzc,12345,9000000346
abc123800@gmail.com,abcef,xyzc,12345,9000000347
abc123801@gmail.com,abcef,xyzc,12345,9000000348
abc123802@gmail.com,abcef,xyzc,12345,9000000349
abc123803@gmail.com,abcef,xyzc,12345,9000000350
abc123804@gmail.com,abcef,xyzc,12345,9000000351
abc123805@gmail.com,abcef,xyzc,12345,9000000352
abc123806@gmail.com,abcef,xyzc,12345,9000000353
abc123807@gmail.com,abcef,xyzc,12345,9000000354
abc123808@gmail.com,abcef,xyzc,12345,9000000355
abc123809@gmail.com,abcef,xyzc,12345,9000000356
abc123810@gmail.com,abcef,xyzc,12345,9000000357
abc123811@gmail.com,abcef,xyzc,12345,9000000358
abc123812@gmail.com,abcef,xyzc,12345,9000000359
abc123813@gmail.com,abcef,xyzc,12345,9000000360
abc123814@gmail.com,abcef,xyzc,12345,9000000361
abc123815@gmail.com,abcef,xyzc,12345,9000000362
abc123816@gmail.com,abcef,xyzc,12345,9000000363
abc123817@gmail.com,abcef,xyzc,12345,9000000364
abc123818@gmail.com,abcef,xyzc,12345,9000000365
abc123819@gmail.com,abcef,xyzc,12345,9000000366
abc123820@gmail.com,abcef,xyzc,12345,9000000367
abc123821@gmail.com,abcef,xyzc,12345,9000000368
abc123822@gmail.com,abcef,xyzc,12345,9000000369
abc123823@gmail.com,abcef,xyzc,12345,9000000370
abc123824@gmail.com,abcef,xyzc,12345,9000000371
abc123825@gmail.com,abcef,xyzc,12345,9000000372
abc123826@gmail.com,abcef,xyzc,12345,9000000373
abc123827@gmail.com,abcef,xyzc,12345,9000000374
abc123828@gmail.com,abcef,xyzc,12345,9000000375
abc123829@gmail.com,abcef,xyzc,12345,9000000376
abc123830@gmail.com,abcef,xyzc,12345,9000000377
abc123831@gmail.com,abcef,xyzc,12345,9000000378
abc123832@gmail.com,abcef,xyzc,12345,9000000379
abc123833@gmail.com,abcef,xyzc,12345,9000000380
abc123834@gmail.com,abcef,xyzc,12345,9000000381
abc123835@gmail.com,abcef,xyzc,12345,9000000382
abc123836@gmail.com,abcef,xyzc,12345,9000000383
abc123837@gmail.com,abcef,xyzc,12345,9000000384
abc123838@gmail.com,abcef,xyzc,12345,9000000385
abc123839@gmail.com,abcef,xyzc,12345,9000000386
abc123840@gmail.com,abcef,xyzc,12345,9000000387
abc123841@gmail.com,abcef,xyzc,12345,9000000388
abc123842@gmail.com,abcef,xyzc,12345,9000000389
abc123843@gmail.com,abcef,xyzc,12345,9000000390
abc123844@gmail.com,abcef,xyzc,12345,9000000391
abc123845@gmail.com,abcef,xyzc,12345,9000000392
abc123846@gmail.com,abcef,xyzc,12345,9000000393
abc123847@gmail.com,abcef,xyzc,12345,9000000394
abc123848@gmail.com,abcef,xyzc,12345,9000000395
abc123849@gmail.com,abcef,xyzc,12345,9000000396
abc123850@gmail.com,abcef,xyzc,12345,9000000397
abc123851@gmail.com,abcef,xyzc,12345,9000000398
abc123852@gmail.com,abcef,xyzc,12345,9000000399
abc123853@gmail.com,abcef,xyzc,12345,9000000400
abc123854@gmail.com,abcef,xyzc,12345,9000000401
abc123855@gmail.com,abcef,xyzc,12345,9000000402
abc123856@gmail.com,abcef,xyzc,12345,9000000403
abc123857@gmail.com,abcef,xyzc,12345,9000000404
abc123858@gmail.com,abcef,xyzc,12345,9000000405
abc123859@gmail.com,abcef,xyzc,12345,9000000406
abc123860@gmail.com,abcef,xyzc,12345,9000000407
abc123861@gmail.com,abcef,xyzc,12345,9000000408
abc123862@gmail.com,abcef,xyzc,12345,9000000409
abc123863@gmail.com,abcef,xyzc,12345,9000000410
abc123864@gmail.com,abcef,xyzc,12345,9000000411
abc123865@gmail.com,abcef,xyzc,12345,9000000412
abc123866@gmail.com,abcef,xyzc,12345,9000000413
abc123867@gmail.com,abcef,xyzc,12345,9000000414
abc123868@gmail.com,abcef,xyzc,12345,9000000415
abc123869@gmail.com,abcef,xyzc,12345,9000000416
abc123870@gmail.com,abcef,xyzc,12345,9000000417
abc123871@gmail.com,abcef,xyzc,12345,9000000418
abc123872@gmail.com,abcef,xyzc,12345,9000000419
abc123873@gmail.com,abcef,xyzc,12345,9000000420
abc123874@gmail.com,abcef,xyzc,12345,9000000421
abc123875@gmail.com,abcef,xyzc,12345,9000000422
abc123876@gmail.com,abcef,xyzc,12345,9000000423
abc123877@gmail.com,abcef,xyzc,12345,9000000424
abc123878@gmail.com,abcef,xyzc,12345,9000000425
abc123879@gmail.com,abcef,xyzc,12345,9000000426
abc123880@gmail.com,abcef,xyzc,12345,9000000427
abc123881@gmail.com,abcef,xyzc,12345,9000000428
abc123882@gmail.com,abcef,xyzc,12345,9000000429
abc123883@gmail.com,abcef,xyzc,12345,9000000430
abc123884@gmail.com,abcef,xyzc,12345,9000000431
abc123885@gmail.com,abcef,xyzc,12345,9000000432
abc123886@gmail.com,abcef,xyzc,12345,9000000433
abc123887@gmail.com,abcef,xyzc,12345,9000000434
abc123888@gmail.com,abcef,xyzc,12345,9000000435
abc123889@gmail.com,abcef,xyzc,12345,9000000436
abc123890@gmail.com,abcef,xyzc,12345,9000000437
abc123891@gmail.com,abcef,xyzc,12345,9000000438
abc123892@gmail.com,abcef,xyzc,12345,9000000439
abc123893@gmail.com,abcef,xyzc,12345,9000000440
abc123894@gmail.com,abcef,xyzc,12345,9000000441
abc123895@gmail.com,abcef,xyzc,12345,9000000442
abc123896@gmail.com,abcef,xyzc,12345,9000000443
abc123897@gmail.com,abcef,xyzc,12345,9000000444
abc123898@gmail.com,abcef,xyzc,12345,9000000445
abc123899@gmail.com,abcef,xyzc,12345,9000000446
abc123900@gmail.com,abcef,xyzc,12345,9000000447
abc123901@gmail.com,abcef,xyzc,12345,9000000448
abc123902@gmail.com,abcef,xyzc,12345,9000000449
abc123903@gmail.com,abcef,xyzc,12345,9000000450
abc123904@gmail.com,abcef,xyzc,12345,9000000451
abc123905@gmail.com,abcef,xyzc,12345,9000000452
abc123906@gmail.com,abcef,xyzc,12345,9000000453
abc123907@gmail.com,abcef,xyzc,12345,9000000454
abc123908@gmail.com,abcef,xyzc,12345,9000000455
abc123909@gmail.com,abcef,xyzc,12345,9000000456
abc123910@gmail.com,abcef,xyzc,12345,9000000457
abc123911@gmail.com,abcef,xyzc,12345,9000000458
abc123912@gmail.com,abcef,xyzc,12345,9000000459
abc123913@gmail.com,abcef,xyzc,12345,9000000460
abc123914@gmail.com,abcef,xyzc,12345,9000000461
abc123915@gmail.com,abcef,xyzc,12345,9000000462
abc123916@gmail.com,abcef,xyzc,12345,9000000463
abc123917@gmail.com,abcef,xyzc,12345,9000000464
abc123918@gmail.com,abcef,xyzc,12345,9000000465
abc123919@gmail.com,abcef,xyzc,12345,9000000466
abc123920@gmail.com,abcef,xyzc,12345,9000000467
abc123921@gmail.com,abcef,xyzc,12345,9000000468
abc123922@gmail.com,abcef,xyzc,12345,9000000469
abc123923@gmail.com,abcef,xyzc,12345,9000000470
abc123924@gmail.com,abcef,xyzc,12345,9000000471
abc123925@gmail.com,abcef,xyzc,12345,9000000472
abc123926@gmail.com,abcef,xyzc,12345,9000000473
abc123927@gmail.com,abcef,xyzc,12345,9000000474
abc123928@gmail.com,abcef,xyzc,12345,9000000475
abc123929@gmail.com,abcef,xyzc,12345,9000000476
abc123930@gmail.com,abcef,xyzc,12345,9000000477
abc123931@gmail.com,abcef,xyzc,12345,9000000478
abc123932@gmail.com,abcef,xyzc,12345,9000000479
abc123933@gmail.com,abcef,xyzc,12345,9000000480
abc123934@gmail.com,abcef,xyzc,12345,9000000481
abc123935@gmail.com,abcef,xyzc,12345,9000000482
abc123936@gmail.com,abcef,xyzc,12345,9000000483
abc123937@gmail.com,abcef,xyzc,12345,9000000484
abc123938@gmail.com,abcef,xyzc,12345,9000000485
abc123939@gmail.com,abcef,xyzc,12345,9000000486
abc123940@gmail.com,abcef,xyzc,12345,9000000487
abc123941@gmail.com,abcef,xyzc,12345,9000000488
abc123942@gmail.com,abcef,xyzc,12345,9000000489
abc123943@gmail.com,abcef,xyzc,12345,9000000490
abc123944@gmail.com,abcef,xyzc,12345,9000000491
abc123945@gmail.com,abcef,xyzc,12345,9000000492
abc123946@gmail.com,abcef,xyzc,12345,9000000493
abc123947@gmail.com,abcef,xyzc,12345,9000000494
abc123948@gmail.com,abcef,xyzc,12345,9000000495
abc123949@gmail.com,abcef,xyzc,12345,9000000496
abc123950@gmail.com,abcef,xyzc,12345,9000000497
abc123951@gmail.com,abcef,xyzc,12345,9000000498
abc123952@gmail.com,abcef,xyzc,12345,9000000499
abc123953@gmail.com,abcef,xyzc,12345,9000000500
abc123954@gmail.com,abcef,xyzc,12345,9000000501
abc123955@gmail.com,abcef,xyzc,12345,9000000502
abc123956@gmail.com,abcef,xyzc,12345,9000000503
abc123957@gmail.com,abcef,xyzc,12345,9000000504
abc123958@gmail.com,abcef,xyzc,12345,9000000505
abc123959@gmail.com,abcef,xyzc,12345,9000000506
abc123960@gmail.com,abcef,xyzc,12345,9000000507
abc123961@gmail.com,abcef,xyzc,12345,9000000508
abc123962@gmail.com,abcef,xyzc,12345,9000000509
abc123963@gmail.com,abcef,xyzc,12345,9000000510
abc123964@gmail.com,abcef,xyzc,12345,9000000511
abc123965@gmail.com,abcef,xyzc,12345,9000000512
abc123966@gmail.com,abcef,xyzc,12345,9000000513
abc123967@gmail.com,abcef,xyzc,12345,9000000514
abc123968@gmail.com,abcef,xyzc,12345,9000000515
abc123969@gmail.com,abcef,xyzc,12345,9000000516
abc123970@gmail.com,abcef,xyzc,12345,9000000517
abc123971@gmail.com,abcef,xyzc,12345,9000000518
abc123972@gmail.com,abcef,xyzc,12345,9000000519
abc123973@gmail.com,abcef,xyzc,12345,9000000520
abc123974@gmail.com,abcef,xyzc,12345,9000000521
abc123975@gmail.com,abcef,xyzc,12345,9000000522
abc123976@gmail.com,abcef,xyzc,12345,9000000523
abc123977@gmail.com,abcef,xyzc,12345,9000000524
abc123978@gmail.com,abcef,xyzc,12345,9000000525
abc123979@gmail.com,abcef,xyzc,12345,9000000526
abc123980@gmail.com,abcef,xyzc,12345,9000000527
abc123981@gmail.com,abcef,xyzc,12345,9000000528
abc123982@gmail.com,abcef,xyzc,12345,9000000529
abc123983@gmail.com,abcef,xyzc,12345,9000000530
abc123984@gmail.com,abcef,xyzc,12345,9000000531
abc123985@gmail.com,abcef,xyzc,12345,9000000532
abc123986@gmail.com,abcef,xyzc,12345,9000000533
abc123987@gmail.com,abcef,xyzc,12345,9000000534
abc123988@gmail.com,abcef,xyzc,12345,9000000535
abc123989@gmail.com,abcef,xyzc,12345,9000000536
abc123990@gmail.com,abcef,xyzc,12345,9000000537
abc123991@gmail.com,abcef,xyzc,12345,9000000538
abc123992@gmail.com,abcef,xyzc,12345,9000000539
abc123993@gmail.com,abcef,xyzc,12345,9000000540
abc123994@gmail.com,abcef,xyzc,12345,9000000541
abc123995@gmail.com,abcef,xyzc,12345,9000000542
abc123996@gmail.com,abcef,xyzc,12345,9000000543
abc123997@gmail.com,abcef,xyzc,12345,9000000544
abc123998@gmail.com,abcef,xyzc,12345,9000000545
abc123999@gmail.com,abcef,xyzc,12345,9000000546
abc124000@gmail.com,abcef,xyzc,12345,9000000547
abc124001@gmail.com,abcef,xyzc,12345,9000000548
abc124002@gmail.com,abcef,xyzc,12345,9000000549
abc124003@gmail.com,abcef,xyzc,12345,9000000550
abc124004@gmail.com,abcef,xyzc,12345,9000000551
abc124005@gmail.com,abcef,xyzc,12345,9000000552
abc124006@gmail.com,abcef,xyzc,12345,9000000553
abc124007@gmail.com,abcef,xyzc,12345,9000000554
abc124008@gmail.com,abcef,xyzc,12345,9000000555
abc124009@gmail.com,abcef,xyzc,12345,9000000556
abc124010@gmail.com,abcef,xyzc,12345,9000000557
abc124011@gmail.com,abcef,xyzc,12345,9000000558
abc124012@gmail.com,abcef,xyzc,12345,9000000559
abc124013@gmail.com,abcef,xyzc,12345,9000000560
abc124014@gmail.com,abcef,xyzc,12345,9000000561
abc124015@gmail.com,abcef,xyzc,12345,9000000562
abc124016@gmail.com,abcef,xyzc,12345,9000000563
abc124017@gmail.com,abcef,xyzc,12345,9000000564
abc124018@gmail.com,abcef,xyzc,12345,9000000565
abc124019@gmail.com,abcef,xyzc,12345,9000000566
abc124020@gmail.com,abcef,xyzc,12345,9000000567
abc124021@gmail.com,abcef,xyzc,12345,9000000568
abc124022@gmail.com,abcef,xyzc,12345,9000000569
abc124023@gmail.com,abcef,xyzc,12345,9000000570
abc124024@gmail.com,abcef,xyzc,12345,9000000571
abc124025@gmail.com,abcef,xyzc,12345,9000000572
abc124026@gmail.com,abcef,xyzc,12345,9000000573
abc124027@gmail.com,abcef,xyzc,12345,9000000574
abc124028@gmail.com,abcef,xyzc,12345,9000000575
abc124029@gmail.com,abcef,xyzc,12345,9000000576
abc124030@gmail.com,abcef,xyzc,12345,9000000577
abc124031@gmail.com,abcef,xyzc,12345,9000000578
abc124032@gmail.com,abcef,xyzc,12345,9000000579
abc124033@gmail.com,abcef,xyzc,12345,9000000580
abc124034@gmail.com,abcef,xyzc,12345,9000000581
abc124035@gmail.com,abcef,xyzc,12345,9000000582
abc124036@gmail.com,abcef,xyzc,12345,9000000583
abc124037@gmail.com,abcef,xyzc,12345,9000000584
abc124038@gmail.com,abcef,xyzc,12345,9000000585
abc124039@gmail.com,abcef,xyzc,12345,9000000586
abc124040@gmail.com,abcef,xyzc,12345,9000000587
abc124041@gmail.com,abcef,xyzc,12345,9000000588
abc124042@gmail.com,abcef,xyzc,12345,9000000589
abc124043@gmail.com,abcef,xyzc,12345,9000000590
abc124044@gmail.com,abcef,xyzc,12345,9000000591
abc124045@gmail.com,abcef,xyzc,12345,9000000592
abc124046@gmail.com,abcef,xyzc,12345,9000000593
abc124047@gmail.com,abcef,xyzc,12345,9000000594
abc124048@gmail.com,abcef,xyzc,12345,9000000595
abc124049@gmail.com,abcef,xyzc,12345,9000000596
abc124050@gmail.com,abcef,xyzc,12345,9000000597
abc124051@gmail.com,abcef,xyzc,12345,9000000598
abc124052@gmail.com,abcef,xyzc,12345,9000000599
abc124053@gmail.com,abcef,xyzc,12345,9000000600
abc124054@gmail.com,abcef,xyzc,12345,9000000601
abc124055@gmail.com,abcef,xyzc,12345,9000000602
abc124056@gmail.com,abcef,xyzc,12345,9000000603
abc124057@gmail.com,abcef,xyzc,12345,9000000604
abc124058@gmail.com,abcef,xyzc,12345,9000000605
abc124059@gmail.com,abcef,xyzc,12345,9000000606
abc124060@gmail.com,abcef,xyzc,12345,9000000607
abc124061@gmail.com,abcef,xyzc,12345,9000000608
abc124062@gmail.com,abcef,xyzc,12345,9000000609
abc124063@gmail.com,abcef,xyzc,12345,9000000610
abc124064@gmail.com,abcef,xyzc,12345,9000000611
abc124065@gmail.com,abcef,xyzc,12345,9000000612
abc124066@gmail.com,abcef,xyzc,12345,9000000613
abc124067@gmail.com,abcef,xyzc,12345,9000000614
abc124068@gmail.com,abcef,xyzc,12345,9000000615
abc124069@gmail.com,abcef,xyzc,12345,9000000616
abc124070@gmail.com,abcef,xyzc,12345,9000000617
abc124071@gmail.com,abcef,xyzc,12345,9000000618
abc124072@gmail.com,abcef,xyzc,12345,9000000619
abc124073@gmail.com,abcef,xyzc,12345,9000000620
abc124074@gmail.com,abcef,xyzc,12345,9000000621
abc124075@gmail.com,abcef,xyzc,12345,9000000622
abc124076@gmail.com,abcef,xyzc,12345,9000000623
abc124077@gmail.com,abcef,xyzc,12345,9000000624
abc124078@gmail.com,abcef,xyzc,12345,9000000625
abc124079@gmail.com,abcef,xyzc,12345,9000000626
abc124080@gmail.com,abcef,xyzc,12345,9000000627
abc124081@gmail.com,abcef,xyzc,12345,9000000628
abc124082@gmail.com,abcef,xyzc,12345,9000000629
abc124083@gmail.com,abcef,xyzc,12345,9000000630
abc124084@gmail.com,abcef,xyzc,12345,9000000631
abc124085@gmail.com,abcef,xyzc,12345,9000000632
abc124086@gmail.com,abcef,xyzc,12345,9000000633
abc124087@gmail.com,abcef,xyzc,12345,9000000634
abc124088@gmail.com,abcef,xyzc,12345,9000000635
abc124089@gmail.com,abcef,xyzc,12345,9000000636
abc124090@gmail.com,abcef,xyzc,12345,9000000637
abc124091@gmail.com,abcef,xyzc,12345,9000000638
abc124092@gmail.com,abcef,xyzc,12345,9000000639
abc124093@gmail.com,abcef,xyzc,12345,9000000640
abc124094@gmail.com,abcef,xyzc,12345,9000000641
abc124095@gmail.com,abcef,xyzc,12345,9000000642
abc124096@gmail.com,abcef,xyzc,12345,9000000643
abc124097@gmail.com,abcef,xyzc,12345,9000000644
abc124098@gmail.com,abcef,xyzc,12345,9000000645
abc124099@gmail.com,abcef,xyzc,12345,9000000646
abc124100@gmail.com,abcef,xyzc,12345,9000000647
abc124101@gmail.com,abcef,xyzc,12345,9000000648
abc124102@gmail.com,abcef,xyzc,12345,9000000649
abc124103@gmail.com,abcef,xyzc,12345,9000000650
abc124104@gmail.com,abcef,xyzc,12345,9000000651
abc124105@gmail.com,abcef,xyzc,12345,9000000652
abc124106@gmail.com,abcef,xyzc,12345,9000000653
abc124107@gmail.com,abcef,xyzc,12345,9000000654
abc124108@gmail.com,abcef,xyzc,12345,9000000655
abc124109@gmail.com,abcef,xyzc,12345,9000000656
abc124110@gmail.com,abcef,xyzc,12345,9000000657
abc124111@gmail.com,abcef,xyzc,12345,9000000658
abc124112@gmail.com,abcef,xyzc,12345,9000000659
abc124113@gmail.com,abcef,xyzc,12345,9000000660
abc124114@gmail.com,abcef,xyzc,12345,9000000661
abc124115@gmail.com,abcef,xyzc,12345,9000000662
abc124116@gmail.com,abcef,xyzc,12345,9000000663
abc124117@gmail.com,abcef,xyzc,12345,9000000664
abc124118@gmail.com,abcef,xyzc,12345,9000000665
abc124119@gmail.com,abcef,xyzc,12345,9000000666
abc124120@gmail.com,abcef,xyzc,12345,9000000667
abc124121@gmail.com,abcef,xyzc,12345,9000000668
abc124122@gmail.com,abcef,xyzc,12345,9000000669
abc124123@gmail.com,abcef,xyzc,12345,9000000670
abc124124@gmail.com,abcef,xyzc,12345,9000000671
abc124125@gmail.com,abcef,xyzc,12345,9000000672
abc124126@gmail.com,abcef,xyzc,12345,9000000673
abc124127@gmail.com,abcef,xyzc,12345,9000000674
abc124128@gmail.com,abcef,xyzc,12345,9000000675
abc124129@gmail.com,abcef,xyzc,12345,9000000676
abc124130@gmail.com,abcef,xyzc,12345,9000000677
abc124131@gmail.com,abcef,xyzc,12345,9000000678
abc124132@gmail.com,abcef,xyzc,12345,9000000679
abc124133@gmail.com,abcef,xyzc,12345,9000000680
abc124134@gmail.com,abcef,xyzc,12345,9000000681
abc124135@gmail.com,abcef,xyzc,12345,9000000682
abc124136@gmail.com,abcef,xyzc,12345,9000000683
abc124137@gmail.com,abcef,xyzc,12345,9000000684
abc124138@gmail.com,abcef,xyzc,12345,9000000685
abc124139@gmail.com,abcef,xyzc,12345,9000000686
abc124140@gmail.com,abcef,xyzc,12345,9000000687
abc124141@gmail.com,abcef,xyzc,12345,9000000688
abc124142@gmail.com,abcef,xyzc,12345,9000000689
abc124143@gmail.com,abcef,xyzc,12345,9000000690
abc124144@gmail.com,abcef,xyzc,12345,9000000691
abc124145@gmail.com,abcef,xyzc,12345,9000000692
abc124146@gmail.com,abcef,xyzc,12345,9000000693
abc124147@gmail.com,abcef,xyzc,12345,9000000694
abc124148@gmail.com,abcef,xyzc,12345,9000000695
abc124149@gmail.com,abcef,xyzc,12345,9000000696
abc124150@gmail.com,abcef,xyzc,12345,9000000697
abc124151@gmail.com,abcef,xyzc,12345,9000000698
abc124152@gmail.com,abcef,xyzc,12345,9000000699
abc124153@gmail.com,abcef,xyzc,12345,9000000700
abc124154@gmail.com,abcef,xyzc,12345,9000000701
abc124155@gmail.com,abcef,xyzc,12345,9000000702
abc124156@gmail.com,abcef,xyzc,12345,9000000703
abc124157@gmail.com,abcef,xyzc,12345,9000000704
abc124158@gmail.com,abcef,xyzc,12345,9000000705
abc124159@gmail.com,abcef,xyzc,12345,9000000706
abc124160@gmail.com,abcef,xyzc,12345,9000000707
abc124161@gmail.com,abcef,xyzc,12345,9000000708
abc124162@gmail.com,abcef,xyzc,12345,9000000709
abc124163@gmail.com,abcef,xyzc,12345,9000000710
abc124164@gmail.com,abcef,xyzc,12345,9000000711
abc124165@gmail.com,abcef,xyzc,12345,9000000712
abc124166@gmail.com,abcef,xyzc,12345,9000000713
abc124167@gmail.com,abcef,xyzc,12345,9000000714
abc124168@gmail.com,abcef,xyzc,12345,9000000715
abc124169@gmail.com,abcef,xyzc,12345,9000000716
abc124170@gmail.com,abcef,xyzc,12345,9000000717
abc124171@gmail.com,abcef,xyzc,12345,9000000718
abc124172@gmail.com,abcef,xyzc,12345,9000000719
abc124173@gmail.com,abcef,xyzc,12345,9000000720
abc124174@gmail.com,abcef,xyzc,12345,9000000721
abc124175@gmail.com,abcef,xyzc,12345,9000000722
abc124176@gmail.com,abcef,xyzc,12345,9000000723
abc124177@gmail.com,abcef,xyzc,12345,9000000724
abc124178@gmail.com,abcef,xyzc,12345,9000000725
abc124179@gmail.com,abcef,xyzc,12345,9000000726
abc124180@gmail.com,abcef,xyzc,12345,9000000727
abc124181@gmail.com,abcef,xyzc,12345,9000000728
abc124182@gmail.com,abcef,xyzc,12345,9000000729
abc124183@gmail.com,abcef,xyzc,12345,9000000730
abc124184@gmail.com,abcef,xyzc,12345,9000000731
abc124185@gmail.com,abcef,xyzc,12345,9000000732
abc124186@gmail.com,abcef,xyzc,12345,9000000733
abc124187@gmail.com,abcef,xyzc,12345,9000000734
abc124188@gmail.com,abcef,xyzc,12345,9000000735
abc124189@gmail.com,abcef,xyzc,12345,9000000736
abc124190@gmail.com,abcef,xyzc,12345,9000000737
abc124191@gmail.com,abcef,xyzc,12345,9000000738
abc124192@gmail.com,abcef,xyzc,12345,9000000739
abc124193@gmail.com,abcef,xyzc,12345,9000000740
abc124194@gmail.com,abcef,xyzc,12345,9000000741
abc124195@gmail.com,abcef,xyzc,12345,9000000742
abc124196@gmail.com,abcef,xyzc,12345,9000000743
abc124197@gmail.com,abcef,xyzc,12345,9000000744
abc124198@gmail.com,abcef,xyzc,12345,9000000745
abc124199@gmail.com,abcef,xyzc,12345,9000000746
abc124200@gmail.com,abcef,xyzc,12345,9000000747
abc124201@gmail.com,abcef,xyzc,12345,9000000748
abc124202@gmail.com,abcef,xyzc,12345,9000000749
abc124203@gmail.com,abcef,xyzc,12345,9000000750
abc124204@gmail.com,abcef,xyzc,12345,9000000751
abc124205@gmail.com,abcef,xyzc,12345,9000000752
abc124206@gmail.com,abcef,xyzc,12345,9000000753
abc124207@gmail.com,abcef,xyzc,12345,9000000754
abc124208@gmail.com,abcef,xyzc,12345,9000000755
abc124209@gmail.com,abcef,xyzc,12345,9000000756
abc124210@gmail.com,abcef,xyzc,12345,9000000757
abc124211@gmail.com,abcef,xyzc,12345,9000000758
abc124212@gmail.com,abcef,xyzc,12345,9000000759
abc124213@gmail.com,abcef,xyzc,12345,9000000760
abc124214@gmail.com,abcef,xyzc,12345,9000000761
abc124215@gmail.com,abcef,xyzc,12345,9000000762
abc124216@gmail.com,abcef,xyzc,12345,9000000763
abc124217@gmail.com,abcef,xyzc,12345,9000000764
abc124218@gmail.com,abcef,xyzc,12345,9000000765
abc124219@gmail.com,abcef,xyzc,12345,9000000766
abc124220@gmail.com,abcef,xyzc,12345,9000000767
abc124221@gmail.com,abcef,xyzc,12345,9000000768
abc124222@gmail.com,abcef,xyzc,12345,9000000769
abc124223@gmail.com,abcef,xyzc,12345,9000000770
abc124224@gmail.com,abcef,xyzc,12345,9000000771
abc124225@gmail.com,abcef,xyzc,12345,9000000772
abc124226@gmail.com,abcef,xyzc,12345,9000000773
abc124227@gmail.com,abcef,xyzc,12345,9000000774
abc124228@gmail.com,abcef,xyzc,12345,9000000775
abc124229@gmail.com,abcef,xyzc,12345,9000000776
abc124230@gmail.com,abcef,xyzc,12345,9000000777
abc124231@gmail.com,abcef,xyzc,12345,9000000778
abc124232@gmail.com,abcef,xyzc,12345,9000000779
abc124233@gmail.com,abcef,xyzc,12345,9000000780
abc124234@gmail.com,abcef,xyzc,12345,9000000781
abc124235@gmail.com,abcef,xyzc,12345,9000000782
abc124236@gmail.com,abcef,xyzc,12345,9000000783
abc124237@gmail.com,abcef,xyzc,12345,9000000784
abc124238@gmail.com,abcef,xyzc,12345,9000000785
abc124239@gmail.com,abcef,xyzc,12345,9000000786
abc124240@gmail.com,abcef,xyzc,12345,9000000787
abc124241@gmail.com,abcef,xyzc,12345,9000000788
abc124242@gmail.com,abcef,xyzc,12345,9000000789
abc124243@gmail.com,abcef,xyzc,12345,9000000790
abc124244@gmail.com,abcef,xyzc,12345,9000000791
abc124245@gmail.com,abcef,xyzc,12345,9000000792
abc124246@gmail.com,abcef,xyzc,12345,9000000793
abc124247@gmail.com,abcef,xyzc,12345,9000000794
abc124248@gmail.com,abcef,xyzc,12345,9000000795
abc124249@gmail.com,abcef,xyzc,12345,9000000796
abc124250@gmail.com,abcef,xyzc,12345,9000000797
abc124251@gmail.com,abcef,xyzc,12345,9000000798
abc124252@gmail.com,abcef,xyzc,12345,9000000799
abc124253@gmail.com,abcef,xyzc,12345,9000000800
abc124254@gmail.com,abcef,xyzc,12345,9000000801
abc124255@gmail.com,abcef,xyzc,12345,9000000802
abc124256@gmail.com,abcef,xyzc,12345,9000000803
abc124257@gmail.com,abcef,xyzc,12345,9000000804
abc124258@gmail.com,abcef,xyzc,12345,9000000805
abc124259@gmail.com,abcef,xyzc,12345,9000000806
abc124260@gmail.com,abcef,xyzc,12345,9000000807
abc124261@gmail.com,abcef,xyzc,12345,9000000808
abc124262@gmail.com,abcef,xyzc,12345,9000000809
abc124263@gmail.com,abcef,xyzc,12345,9000000810
abc124264@gmail.com,abcef,xyzc,12345,9000000811
abc124265@gmail.com,abcef,xyzc,12345,9000000812
abc124266@gmail.com,abcef,xyzc,12345,9000000813
abc124267@gmail.com,abcef,xyzc,12345,9000000814
abc124268@gmail.com,abcef,xyzc,12345,9000000815
abc124269@gmail.com,abcef,xyzc,12345,9000000816
abc124270@gmail.com,abcef,xyzc,12345,9000000817
abc124271@gmail.com,abcef,xyzc,12345,9000000818
abc124272@gmail.com,abcef,xyzc,12345,9000000819
abc124273@gmail.com,abcef,xyzc,12345,9000000820
abc124274@gmail.com,abcef,xyzc,12345,9000000821
abc124275@gmail.com,abcef,xyzc,12345,9000000822
abc124276@gmail.com,abcef,xyzc,12345,9000000823
abc124277@gmail.com,abcef,xyzc,12345,9000000824
abc124278@gmail.com,abcef,xyzc,12345,9000000825
abc124279@gmail.com,abcef,xyzc,12345,9000000826
abc124280@gmail.com,abcef,xyzc,12345,9000000827
abc124281@gmail.com,abcef,xyzc,12345,9000000828
abc124282@gmail.com,abcef,xyzc,12345,9000000829
abc124283@gmail.com,abcef,xyzc,12345,9000000830
abc124284@gmail.com,abcef,xyzc,12345,9000000831
abc124285@gmail.com,abcef,xyzc,12345,9000000832
abc124286@gmail.com,abcef,xyzc,12345,9000000833
abc124287@gmail.com,abcef,xyzc,12345,9000000834
abc124288@gmail.com,abcef,xyzc,12345,9000000835
abc124289@gmail.com,abcef,xyzc,12345,9000000836
abc124290@gmail.com,abcef,xyzc,12345,9000000837
abc124291@gmail.com,abcef,xyzc,12345,9000000838
abc124292@gmail.com,abcef,xyzc,12345,9000000839
abc124293@gmail.com,abcef,xyzc,12345,9000000840
abc124294@gmail.com,abcef,xyzc,12345,9000000841
abc124295@gmail.com,abcef,xyzc,12345,9000000842
abc124296@gmail.com,abcef,xyzc,12345,9000000843
abc124297@gmail.com,abcef,xyzc,12345,9000000844
abc124298@gmail.com,abcef,xyzc,12345,9000000845
abc124299@gmail.com,abcef,xyzc,12345,9000000846
abc124300@gmail.com,abcef,xyzc,12345,9000000847
abc124301@gmail.com,abcef,xyzc,12345,9000000848
abc124302@gmail.com,abcef,xyzc,12345,9000000849
abc124303@gmail.com,abcef,xyzc,12345,9000000850
abc124304@gmail.com,abcef,xyzc,12345,9000000851
abc124305@gmail.com,abcef,xyzc,12345,9000000852
abc124306@gmail.com,abcef,xyzc,12345,9000000853
abc124307@gmail.com,abcef,xyzc,12345,9000000854
abc124308@gmail.com,abcef,xyzc,12345,9000000855
abc124309@gmail.com,abcef,xyzc,12345,9000000856
abc124310@gmail.com,abcef,xyzc,12345,9000000857
abc124311@gmail.com,abcef,xyzc,12345,9000000858
abc124312@gmail.com,abcef,xyzc,12345,9000000859
abc124313@gmail.com,abcef,xyzc,12345,9000000860
abc124314@gmail.com,abcef,xyzc,12345,9000000861
abc124315@gmail.com,abcef,xyzc,12345,9000000862
abc124316@gmail.com,abcef,xyzc,12345,9000000863
abc124317@gmail.com,abcef,xyzc,12345,9000000864
abc124318@gmail.com,abcef,xyzc,12345,9000000865
abc124319@gmail.com,abcef,xyzc,12345,9000000866
abc124320@gmail.com,abcef,xyzc,12345,9000000867
abc124321@gmail.com,abcef,xyzc,12345,9000000868
abc124322@gmail.com,abcef,xyzc,12345,9000000869
abc124323@gmail.com,abcef,xyzc,12345,9000000870
abc124324@gmail.com,abcef,xyzc,12345,9000000871
abc124325@gmail.com,abcef,xyzc,12345,9000000872
abc124326@gmail.com,abcef,xyzc,12345,9000000873
abc124327@gmail.com,abcef,xyzc,12345,9000000874
abc124328@gmail.com,abcef,xyzc,12345,9000000875
abc124329@gmail.com,abcef,xyzc,12345,9000000876
abc124330@gmail.com,abcef,xyzc,12345,9000000877
abc124331@gmail.com,abcef,xyzc,12345,9000000878
abc124332@gmail.com,abcef,xyzc,12345,9000000879
abc124333@gmail.com,abcef,xyzc,12345,9000000880
abc124334@gmail.com,abcef,xyzc,12345,9000000881
abc124335@gmail.com,abcef,xyzc,12345,9000000882
abc124336@gmail.com,abcef,xyzc,12345,9000000883
abc124337@gmail.com,abcef,xyzc,12345,9000000884
abc124338@gmail.com,abcef,xyzc,12345,9000000885
abc124339@gmail.com,abcef,xyzc,12345,9000000886
abc124340@gmail.com,abcef,xyzc,12345,9000000887
abc124341@gmail.com,abcef,xyzc,12345,9000000888
abc124342@gmail.com,abcef,xyzc,12345,9000000889
abc124343@gmail.com,abcef,xyzc,12345,9000000890
abc124344@gmail.com,abcef,xyzc,12345,9000000891
abc124345@gmail.com,abcef,xyzc,12345,9000000892
abc124346@gmail.com,abcef,xyzc,12345,9000000893
abc124347@gmail.com,abcef,xyzc,12345,9000000894
abc124348@gmail.com,abcef,xyzc,12345,9000000895
abc124349@gmail.com,abcef,xyzc,12345,9000000896
abc124350@gmail.com,abcef,xyzc,12345,9000000897
abc124351@gmail.com,abcef,xyzc,12345,9000000898
abc124352@gmail.com,abcef,xyzc,12345,9000000899
abc124353@gmail.com,abcef,xyzc,12345,9000000900
abc124354@gmail.com,abcef,xyzc,12345,9000000901
abc124355@gmail.com,abcef,xyzc,12345,9000000902
abc124356@gmail.com,abcef,xyzc,12345,9000000903
abc124357@gmail.com,abcef,xyzc,12345,9000000904
abc124358@gmail.com,abcef,xyzc,12345,9000000905
abc124359@gmail.com,abcef,xyzc,12345,9000000906
abc124360@gmail.com,abcef,xyzc,12345,9000000907
abc124361@gmail.com,abcef,xyzc,12345,9000000908
abc124362@gmail.com,abcef,xyzc,12345,9000000909
abc124363@gmail.com,abcef,xyzc,12345,9000000910
abc124364@gmail.com,abcef,xyzc,12345,9000000911
abc124365@gmail.com,abcef,xyzc,12345,9000000912
abc124366@gmail.com,abcef,xyzc,12345,9000000913
abc124367@gmail.com,abcef,xyzc,12345,9000000914
abc124368@gmail.com,abcef,xyzc,12345,9000000915
abc124369@gmail.com,abcef,xyzc,12345,9000000916
abc124370@gmail.com,abcef,xyzc,12345,9000000917
abc124371@gmail.com,abcef,xyzc,12345,9000000918
abc124372@gmail.com,abcef,xyzc,12345,9000000919
abc124373@gmail.com,abcef,xyzc,12345,9000000920
abc124374@gmail.com,abcef,xyzc,12345,9000000921
abc124375@gmail.com,abcef,xyzc,12345,9000000922
abc124376@gmail.com,abcef,xyzc,12345,9000000923
abc124377@gmail.com,abcef,xyzc,12345,9000000924
abc124378@gmail.com,abcef,xyzc,12345,9000000925
abc124379@gmail.com,abcef,xyzc,12345,9000000926
abc124380@gmail.com,abcef,xyzc,12345,9000000927
abc124381@gmail.com,abcef,xyzc,12345,9000000928
abc124382@gmail.com,abcef,xyzc,12345,9000000929
abc124383@gmail.com,abcef,xyzc,12345,9000000930
abc124384@gmail.com,abcef,xyzc,12345,9000000931
abc124385@gmail.com,abcef,xyzc,12345,9000000932
abc124386@gmail.com,abcef,xyzc,12345,9000000933
abc124387@gmail.com,abcef,xyzc,12345,9000000934
abc124388@gmail.com,abcef,xyzc,12345,9000000935
abc124389@gmail.com,abcef,xyzc,12345,9000000936
abc124390@gmail.com,abcef,xyzc,12345,9000000937
abc124391@gmail.com,abcef,xyzc,12345,9000000938
abc124392@gmail.com,abcef,xyzc,12345,9000000939
abc124393@gmail.com,abcef,xyzc,12345,9000000940
abc124394@gmail.com,abcef,xyzc,12345,9000000941
abc124395@gmail.com,abcef,xyzc,12345,9000000942
abc124396@gmail.com,abcef,xyzc,12345,9000000943
abc124397@gmail.com,abcef,xyzc,12345,9000000944
abc124398@gmail.com,abcef,xyzc,12345,9000000945
abc124399@gmail.com,abcef,xyzc,12345,9000000946
abc124400@gmail.com,abcef,xyzc,12345,9000000947
abc124401@gmail.com,abcef,xyzc,12345,9000000948
abc124402@gmail.com,abcef,xyzc,12345,9000000949
abc124403@gmail.com,abcef,xyzc,12345,9000000950
abc124404@gmail.com,abcef,xyzc,12345,9000000951
abc124405@gmail.com,abcef,xyzc,12345,9000000952
abc124406@gmail.com,abcef,xyzc,12345,9000000953
abc124407@gmail.com,abcef,xyzc,12345,9000000954
abc124408@gmail.com,abcef,xyzc,12345,9000000955
abc124409@gmail.com,abcef,xyzc,12345,9000000956
abc124410@gmail.com,abcef,xyzc,12345,9000000957
abc124411@gmail.com,abcef,xyzc,12345,9000000958
abc124412@gmail.com,abcef,xyzc,12345,9000000959
abc124413@gmail.com,abcef,xyzc,12345,9000000960
abc124414@gmail.com,abcef,xyzc,12345,9000000961
abc124415@gmail.com,abcef,xyzc,12345,9000000962
abc124416@gmail.com,abcef,xyzc,12345,9000000963
abc124417@gmail.com,abcef,xyzc,12345,9000000964
abc124418@gmail.com,abcef,xyzc,12345,9000000965
abc124419@gmail.com,abcef,xyzc,12345,9000000966
abc124420@gmail.com,abcef,xyzc,12345,9000000967
abc124421@gmail.com,abcef,xyzc,12345,9000000968
abc124422@gmail.com,abcef,xyzc,12345,9000000969
abc124423@gmail.com,abcef,xyzc,12345,9000000970
abc124424@gmail.com,abcef,xyzc,12345,9000000971
abc124425@gmail.com,abcef,xyzc,12345,9000000972
abc124426@gmail.com,abcef,xyzc,12345,9000000973
abc124427@gmail.com,abcef,xyzc,12345,9000000974
abc124428@gmail.com,abcef,xyzc,12345,9000000975
abc124429@gmail.com,abcef,xyzc,12345,9000000976
abc124430@gmail.com,abcef,xyzc,12345,9000000977
abc124431@gmail.com,abcef,xyzc,12345,9000000978
abc124432@gmail.com,abcef,xyzc,12345,9000000979
abc124433@gmail.com,abcef,xyzc,12345,9000000980